order_date,category_name,product_name,product_price,order_qty,total_sales,cust_email,cust_city
1/1/2020,Drone Kits,BYOD-220,69,1,69,edew@nba.com#mailto:edew@nba.com#,Honolulu
1/1/2020,eBooks,Polar Robots,23.99,2,47.98,fvaslerqt@comsenz.com#mailto:fvaslerqt@comsenz.com#,Jackson
1/1/2020,eBooks,SCARA Robots,19.5,5,97.5,llespercx@com.com#mailto:llespercx@com.com#,Des Moines
1/1/2020,eBooks,Spherical Robots,16.75,5,83.75,lfromonte9@de.vu#mailto:lfromonte9@de.vu#,Birmingham
1/1/2020,Robots,RWW-75 Robot,883,3,2649,tmckernot@tinyurl.com#mailto:tmckernot@tinyurl.com#,Katy
1/1/2020,Training Videos,Drone Video Techniques,37.99,6,227.94,gstiggersdd@eventbrite.com#mailto:gstiggersdd@eventbrite.com#,Saint Petersburg
1/2/2020,Blueprints,Ladybug Robot Blueprint,12,2,24,akingaby78@deviantart.com#mailto:akingaby78@deviantart.com#,West Palm Beach
1/2/2020,Drone Kits,BYOD-100,54,5,270,jzellick84@ustream.tv#mailto:jzellick84@ustream.tv#,Washington
1/2/2020,Drones,DTE-QFN20 Drone,250,2,500,jcolthurstgu@cbsnews.com#mailto:jcolthurstgu@cbsnews.com#,Sacramento
1/2/2020,eBooks,Fixed Wing Drones,15.5,3,46.5,ohalbardv@booking.com#mailto:ohalbardv@booking.com#,Birmingham
1/2/2020,Robot Kits,BYOR-2640S,189,2,378,aguiongo@behance.net#mailto:aguiongo@behance.net#,Houston
1/2/2020,Robot Kits,BYOR-2640S,189,2,378,gmirrlees4v@state.tx.us#mailto:gmirrlees4v@state.tx.us#,Washington
1/2/2020,Robot Kits,BYOR-3000,214,2,428,croylede@dot.gov#mailto:croylede@dot.gov#,Virginia Beach
1/2/2020,Training Videos,Drone Video Techniques,37.99,2,75.98,lgatenbyel@quantcast.com#mailto:lgatenbyel@quantcast.com#,Des Moines
1/2/2020,Training Videos,Understanding Automation,44.95,1,44.95,ksteershp@ameblo.jp#mailto:ksteershp@ameblo.jp#,San Diego
1/3/2020,Drone Kits,BYOD-350,89.95,3,269.85,bbockhc0@jimdo.com#mailto:bbockhc0@jimdo.com#,Torrance
1/3/2020,Drones,DA-SA702 Drone,399,4,1596,cgabrielaq@spotify.com#mailto:cgabrielaq@spotify.com#,Stamford
1/3/2020,Robots,MICR-23K Robot,899,2,1798,cciobutaru6v@netlog.com#mailto:cciobutaru6v@netlog.com#,Charlotte
1/3/2020,Training Videos,Drone Video Techniques,37.99,3,113.97,rrehm6a@yandex.ru#mailto:rrehm6a@yandex.ru#,Green Bay
1/4/2020,Drone Kits,BYOD-350,89.95,4,359.8,croylede@dot.gov#mailto:croylede@dot.gov#,Virginia Beach
1/4/2020,Drone Kits,BYOD-550,179,2,358,nmaven3o@go.com#mailto:nmaven3o@go.com#,Sarasota
1/4/2020,Drones,DC-304 Drone,395,3,1185,sabrahamian3i@zimbio.com#mailto:sabrahamian3i@zimbio.com#,Charlotte
1/4/2020,Robots,MICR-23K Robot,899,5,4495,dkainzh6@freewebs.com#mailto:dkainzh6@freewebs.com#,Albany
1/4/2020,Training Videos,Drone Video Techniques,37.99,3,113.97,mchesmanfc@mit.edu#mailto:mchesmanfc@mit.edu#,Palatine
1/5/2020,eBooks,RTF Drones,16.99,5,84.95,polivio2@ft.com#mailto:polivio2@ft.com#,Sacramento
1/5/2020,eBooks,SCARA Robots,19.5,4,78,mousley1o@pcworld.com#mailto:mousley1o@pcworld.com#,Boynton Beach
1/5/2020,eBooks,Spherical Robots,16.75,5,83.75,bchittendenot@e-recht24.de#mailto:bchittendenot@e-recht24.de#,Washington
1/5/2020,Training Videos,AI for Educators,49.95,2,99.9,xhulle6v@shinystat.com#mailto:xhulle6v@shinystat.com#,Charlotte
1/6/2020,Drone Kits,BYOD-220,69,3,207,ocuthbertp9@indiatimes.com#mailto:ocuthbertp9@indiatimes.com#,Mobile
1/6/2020,eBooks,Helicopter Drones,20.95,5,104.75,eporter9k@google.co.uk#mailto:eporter9k@google.co.uk#,Oakland
1/6/2020,eBooks,Single Rotor Drones,14.99,6,89.94,pgaskalb9@webnode.com#mailto:pgaskalb9@webnode.com#,Flushing
1/6/2020,Robot Kits,BYOR-3535,225,4,900,tbeller7o@addtoany.com#mailto:tbeller7o@addtoany.com#,Melbourne
1/6/2020,Robots,RWW-75 Robot,883,3,2649,ohalbardv@booking.com#mailto:ohalbardv@booking.com#,Birmingham
1/6/2020,Training Videos,Understanding 3D Printing,42.99,1,42.99,aberickkg@intel.com#mailto:aberickkg@intel.com#,Atlanta
1/7/2020,Blueprints,Creature Robot Arms Blueprint,12,5,60,ndegv@sakura.ne.jp#mailto:ndegv@sakura.ne.jp#,Anniston
1/7/2020,Drones,DX-145 Drone,250,4,1000,mmulcasterks@spiegel.de#mailto:mmulcasterks@spiegel.de#,Columbus
1/7/2020,Drones,DX-145 Drone,250,5,1250,ascarsbrooke6g@bloglovin.com#mailto:ascarsbrooke6g@bloglovin.com#,Jackson
1/7/2020,eBooks,Articulated Robots,23.99,1,23.99,nclandillon9s@huffingtonpost.com#mailto:nclandillon9s@huffingtonpost.com#,Lincoln
1/7/2020,eBooks,Building Your First Robot,24.95,6,149.7,hwimesbb@deviantart.com#mailto:hwimesbb@deviantart.com#,Miami
1/7/2020,eBooks,Cartesian Robots,12.99,5,64.95,rdeerec6@china.com.cn#mailto:rdeerec6@china.com.cn#,Syracuse
1/7/2020,Robot Kits,BYOR-3000,214,4,856,cloinsjc@mail.ru#mailto:cloinsjc@mail.ru#,Oklahoma City
1/7/2020,Training Videos,AI for Educators,49.95,3,149.85,tleishmanmi@msu.edu#mailto:tleishmanmi@msu.edu#,Pensacola
1/7/2020,Training Videos,Drone Video Techniques,37.99,2,75.98,mellseo8@engadget.com#mailto:mellseo8@engadget.com#,Reno
1/8/2020,eBooks,GPS Drones,19.99,6,119.94,emergue9q@nhs.uk#mailto:emergue9q@nhs.uk#,Greensboro
1/8/2020,Robot Kits,BYOR-1000,189,1,189,mknyvettt@spiegel.de#mailto:mknyvettt@spiegel.de#,Shawnee Mission
1/8/2020,Robot Kits,BYOR-2640S,189,4,756,ykikkec5@bing.com#mailto:ykikkec5@bing.com#,Arlington
1/8/2020,Training Videos,Understanding 3D Printing,42.99,4,171.96,dshelborne6w@4shared.com#mailto:dshelborne6w@4shared.com#,Columbus
1/9/2020,eBooks,Cartesian Robots,12.99,1,12.99,dhassencj@hp.com#mailto:dhassencj@hp.com#,Rochester
1/9/2020,eBooks,Photograph Drones,14.99,5,74.95,ntolussidy@sciencedaily.com#mailto:ntolussidy@sciencedaily.com#,El Paso
1/9/2020,eBooks,Single Rotor Drones,14.99,3,44.97,ttrowel3@joomla.org#mailto:ttrowel3@joomla.org#,Hagerstown
1/9/2020,Robots,RXW-9807 Robot,599,5,2995,cdivesa9@mit.edu#mailto:cdivesa9@mit.edu#,Springfield
1/9/2020,Robots,RXW-9807 Robot,599,6,3594,fuebeli@army.mil#mailto:fuebeli@army.mil#,Lima
1/10/2020,Drones,DTE-QFN20 Drone,250,2,500,llucken6y@arstechnica.com#mailto:llucken6y@arstechnica.com#,Dallas
1/10/2020,Robots,RQTE-554 Robot,684,2,1368,pgrigoroni8x@nbcnews.com#mailto:pgrigoroni8x@nbcnews.com#,Bronx
1/10/2020,Training Videos,Understanding Raspberry PI,28.99,2,57.98,nkelleyql@php.net#mailto:nkelleyql@php.net#,Denver
1/11/2020,Drone Kits,BYOD-500,167,4,668,ebartolozzigq@time.com#mailto:ebartolozzigq@time.com#,Glendale
1/12/2020,Blueprints,Ladybug Robot Blueprint,12,6,72,ucastanhoq7@who.int#mailto:ucastanhoq7@who.int#,Miami
1/12/2020,eBooks,GPS Drones,19.99,6,119.94,sbyasnq@netvibes.com#mailto:sbyasnq@netvibes.com#,Los Angeles
1/12/2020,eBooks,Polar Robots,23.99,4,95.96,dgyrgorcewicx5@1und1.de#mailto:dgyrgorcewicx5@1und1.de#,Tulsa
1/12/2020,Robot Kits,BYOR-3535,225,3,675,dedgeler3u@booking.com#mailto:dedgeler3u@booking.com#,Columbus
1/13/2020,eBooks,Fixed Wing Drones,15.5,4,62,rpittsel@t.co#mailto:rpittsel@t.co#,Savannah
1/13/2020,eBooks,Photograph Drones,14.99,4,59.96,rgifkins7u@mysql.com#mailto:rgifkins7u@mysql.com#,Chicago
1/13/2020,eBooks,Polar Robots,23.99,1,23.99,lcridlonkj@sina.com.cn#mailto:lcridlonkj@sina.com.cn#,Springfield
1/13/2020,Training Videos,Understanding 3D Printing,42.99,5,214.95,hbamletr9@google.nl#mailto:hbamletr9@google.nl#,Sioux City
1/14/2020,Blueprints,Panda Robot Blueprint,7.99,3,23.97,tspavon3q@tumblr.com#mailto:tspavon3q@tumblr.com#,Chicago
1/14/2020,Blueprints,Sleepy Eye Blueprint,11.99,3,35.97,bheditchad@icq.com#mailto:bheditchad@icq.com#,Miami
1/14/2020,Drones,MICR-564K Drone,499,6,2994,dbannellcg@google.ru#mailto:dbannellcg@google.ru#,Jacksonville
1/14/2020,eBooks,Delivery Drones,14.99,2,29.98,nbukacrm@nymag.com#mailto:nbukacrm@nymag.com#,Salt Lake City
1/14/2020,eBooks,Single Rotor Drones,14.99,4,59.96,jsumpner5u@google.com.au#mailto:jsumpner5u@google.com.au#,Miami
1/14/2020,Training Videos,Industrial 3D Printing,49,5,245,cpala1d@mysql.com#mailto:cpala1d@mysql.com#,Davenport
1/15/2020,Blueprints,Sleepy Eye Blueprint,11.99,5,59.95,ulamboll9z@sciencedirect.com#mailto:ulamboll9z@sciencedirect.com#,Fresno
1/15/2020,eBooks,Delivery Drones,14.99,5,74.95,gmasic8k@whitehouse.gov#mailto:gmasic8k@whitehouse.gov#,Greeley
1/15/2020,eBooks,Polar Robots,23.99,3,71.97,rdermotm7@spotify.com#mailto:rdermotm7@spotify.com#,Washington
1/16/2020,Drone Kits,BYOD-200,58.95,2,117.9,abrabyndc@dailymail.co.uk#mailto:abrabyndc@dailymail.co.uk#,Syracuse
1/16/2020,Drone Kits,BYOD-350,89.95,5,449.75,acudmore4i@artisteer.com#mailto:acudmore4i@artisteer.com#,Chattanooga
1/17/2020,eBooks,Building Your Own Drone,24.99,4,99.96,hskelbeck49@admin.ch#mailto:hskelbeck49@admin.ch#,Albuquerque
1/17/2020,eBooks,SCARA Robots,19.5,6,117,bissitbb@oaic.gov.au#mailto:bissitbb@oaic.gov.au#,Birmingham
1/17/2020,Robot Kits,BYOR-3000,214,3,642,aghironq4@123-reg.co.uk#mailto:aghironq4@123-reg.co.uk#,Charleston
1/18/2020,Blueprints,QuadroCopter Blueprint,10.99,2,21.98,psherrottp2@e-recht24.de#mailto:psherrottp2@e-recht24.de#,Newark
1/18/2020,Drone Kits,BYOD-550,179,3,537,pmcterlaghct@joomla.org#mailto:pmcterlaghct@joomla.org#,Fresno
1/18/2020,eBooks,Cartesian Robots,12.99,6,77.94,rhebner7v@hugedomains.com#mailto:rhebner7v@hugedomains.com#,Irvine
1/18/2020,eBooks,Understanding Artificial Intelligence,19.5,3,58.5,epetegreem0@hhs.gov#mailto:epetegreem0@hhs.gov#,Spokane
1/18/2020,Training Videos,Drone Video Techniques,37.99,2,75.98,mfernleyah@fastcompany.com#mailto:mfernleyah@fastcompany.com#,Birmingham
1/19/2020,Drone Kits,BYOD-350,89.95,3,269.85,esilmanri@indiegogo.com#mailto:esilmanri@indiegogo.com#,San Antonio
1/19/2020,Drone Kits,BYOD-400S,129.95,5,649.75,lglabach3k@pagesperso-orange.fr#mailto:lglabach3k@pagesperso-orange.fr#,Roanoke
1/19/2020,Robot Kits,BYOR-1500,189,5,945,dfison78@163.com#mailto:dfison78@163.com#,Long Beach
1/20/2020,eBooks,Helicopter Drones,20.95,4,83.8,smaffyjj@nbcnews.com#mailto:smaffyjj@nbcnews.com#,San Luis Obispo
1/20/2020,eBooks,Single Rotor Drones,14.99,1,14.99,mbodessondq@admin.ch#mailto:mbodessondq@admin.ch#,Rochester
1/20/2020,eBooks,Understanding Artificial Intelligence,19.5,3,58.5,easkella0@eventbrite.com#mailto:easkella0@eventbrite.com#,New Orleans
1/21/2020,Drones,DA-SA702 Drone,399,3,1197,jhambelton76@moonfruit.com#mailto:jhambelton76@moonfruit.com#,Riverside
1/21/2020,Drones,DTD-7000 Drone,450,5,2250,morodaneac@furl.net#mailto:morodaneac@furl.net#,San Francisco
1/21/2020,Drones,MICR-564K Drone,499,4,1996,dmonahanjn@youku.com#mailto:dmonahanjn@youku.com#,Boston
1/21/2020,eBooks,Building Your First Robot,24.95,2,49.9,aolekhovn7@webmd.com#mailto:aolekhovn7@webmd.com#,Salt Lake City
1/21/2020,eBooks,Cartesian Robots,12.99,2,25.98,jdobbinson6o@globo.com#mailto:jdobbinson6o@globo.com#,Odessa
1/21/2020,eBooks,SCARA Robots,19.5,2,39,bkleanthousre@ox.ac.uk#mailto:bkleanthousre@ox.ac.uk#,Evansville
1/21/2020,eBooks,Single Rotor Drones,14.99,3,44.97,bmourant33@bluehost.com#mailto:bmourant33@bluehost.com#,Evansville
1/21/2020,Robot Kits,BYOR-1000,189,4,756,bwailes4a@mac.com#mailto:bwailes4a@mac.com#,Los Angeles
1/21/2020,Robot Kits,BYOR-3535,225,2,450,salbrightonbf@paginegialle.it#mailto:salbrightonbf@paginegialle.it#,Washington
1/21/2020,Robots,RLK-9920 Robot,699,6,4194,vlanfare8n@java.com#mailto:vlanfare8n@java.com#,Miami
1/21/2020,Robots,RXW-9807 Robot,599,4,2396,ecowthart1h@scientificamerican.com#mailto:ecowthart1h@scientificamerican.com#,Saint Paul
1/21/2020,Robots,RXW-9807 Robot,599,5,2995,cstedmanby@prnewswire.com#mailto:cstedmanby@prnewswire.com#,Sacramento
1/22/2020,Drone Kits,BYOD-200,58.95,5,294.75,bsimperl7@amazon.co.uk#mailto:bsimperl7@amazon.co.uk#,Bronx
1/22/2020,Drones,DC-304 Drone,395,1,395,twiddicombem5@ucoz.ru#mailto:twiddicombem5@ucoz.ru#,Fort Lauderdale
1/22/2020,Drones,DTI-84 Drone,455,4,1820,morodaneac@furl.net#mailto:morodaneac@furl.net#,San Francisco
1/22/2020,Drones,DX-145 Drone,250,3,750,lmciverr0@linkedin.com#mailto:lmciverr0@linkedin.com#,Lehigh Acres
1/22/2020,eBooks,Understanding Artificial Intelligence,19.5,3,58.5,avolkernk@pen.io#mailto:avolkernk@pen.io#,Idaho Falls
1/23/2020,Blueprints,All Eyes Drone Blueprint,9.99,4,39.96,hwissbypy@msu.edu#mailto:hwissbypy@msu.edu#,Chicago
1/23/2020,Drone Kits,BYOD-400,119,4,476,dmirrleesnf@sitemeter.com#mailto:dmirrleesnf@sitemeter.com#,Newark
1/23/2020,Drones,DTI-84 Drone,455,5,2275,dgiffard72@aboutads.info#mailto:dgiffard72@aboutads.info#,Syracuse
1/23/2020,eBooks,Cartesian Robots,12.99,4,51.96,akleinmintz3g@xing.com#mailto:akleinmintz3g@xing.com#,Littleton
1/23/2020,eBooks,Multi Rotor Drones,24.95,3,74.85,jratterb4@google.co.jp#mailto:jratterb4@google.co.jp#,Jersey City
1/23/2020,Robots,RCB-889 Robot,549,5,2745,klornsenhy@is.gd#mailto:klornsenhy@is.gd#,Cincinnati
1/23/2020,Training Videos,Cloud Computing,29.99,2,59.98,clillea8@nasa.gov#mailto:clillea8@nasa.gov#,Birmingham
1/23/2020,Training Videos,Understanding Drone Regulations,27.5,4,110,selliottqs@google.cn#mailto:selliottqs@google.cn#,Wichita
1/23/2020,Training Videos,Virtual Reality Basics,29.99,5,149.95,bgellion2q@un.org#mailto:bgellion2q@un.org#,Saint Petersburg
1/24/2020,Blueprints,QuadroCopter Blueprint,10.99,3,32.97,dwestmacottdo@hubpages.com#mailto:dwestmacottdo@hubpages.com#,Anchorage
1/24/2020,Drones,DA-SA702 Drone,399,3,1197,dvassarph@ovh.net#mailto:dvassarph@ovh.net#,Carson City
1/24/2020,Drones,DTI-84 Drone,455,2,910,faron9f@51.la#mailto:faron9f@51.la#,San Diego
1/24/2020,eBooks,Cartesian Robots,12.99,4,51.96,mpatey9h@barnesandnoble.com#mailto:mpatey9h@barnesandnoble.com#,San Jose
1/24/2020,Robot Kits,BYOR-4005,245,5,1225,bsoalqt@chicagotribune.com#mailto:bsoalqt@chicagotribune.com#,Durham
1/24/2020,Training Videos,Drone Video Techniques,37.99,1,37.99,sstronghillc1@google.nl#mailto:sstronghillc1@google.nl#,Midland
1/24/2020,Training Videos,Robotic Essentials,34.99,3,104.97,wwaisona4@people.com.cn#mailto:wwaisona4@people.com.cn#,Cedar Rapids
1/25/2020,Blueprints,Ladybug Robot Blueprint,12,5,60,ecasaleql@nhs.uk#mailto:ecasaleql@nhs.uk#,New Orleans
1/25/2020,Drones,DX-145 Drone,250,5,1250,jramsbothamly@pagesperso-orange.fr#mailto:jramsbothamly@pagesperso-orange.fr#,Topeka
1/25/2020,Training Videos,Drone Video Techniques,37.99,4,151.96,cchadwickg2@craigslist.org#mailto:cchadwickg2@craigslist.org#,Bakersfield
1/25/2020,Training Videos,Mapping with Drones,49,3,147,mdeniscc@angelfire.com#mailto:mdeniscc@angelfire.com#,Montgomery
1/26/2020,Drone Kits,BYOD-500,167,4,668,torsman16@quantcast.com#mailto:torsman16@quantcast.com#,Muncie
1/26/2020,Drones,DTI-84 Drone,455,5,2275,ochaffing9@wp.com#mailto:ochaffing9@wp.com#,Saint Louis
1/26/2020,eBooks,Drone Building Essentials,13.99,3,41.97,bnendick5z@mtv.com#mailto:bnendick5z@mtv.com#,Fresno
1/27/2020,Blueprints,Bsquare Robot Blueprint,8.99,1,8.99,fhonatsch4p@epa.gov#mailto:fhonatsch4p@epa.gov#,Hartford
1/27/2020,eBooks,Building Your Own Drone,24.99,5,124.95,wcreweem@ycombinator.com#mailto:wcreweem@ycombinator.com#,Anchorage
1/27/2020,eBooks,GPS Drones,19.99,1,19.99,crankingmd@shareasale.com#mailto:crankingmd@shareasale.com#,Sacramento
1/27/2020,eBooks,GPS Drones,19.99,5,99.95,godonnellal@freewebs.com#mailto:godonnellal@freewebs.com#,Norfolk
1/27/2020,eBooks,Photograph Drones,14.99,4,59.96,dgamelz@cam.ac.uk#mailto:dgamelz@cam.ac.uk#,Newark
1/27/2020,eBooks,Understanding Arduino,17.5,5,87.5,mmerigonaz@go.com#mailto:mmerigonaz@go.com#,Boynton Beach
1/27/2020,Robots,RQTE-554 Robot,684,3,2052,bflintls@bloglovin.com#mailto:bflintls@bloglovin.com#,Santa Barbara
1/28/2020,eBooks,Building Your First Robot,24.95,4,99.8,dwimburya7@nationalgeographic.com#mailto:dwimburya7@nationalgeographic.com#,Hartford
1/28/2020,eBooks,GPS Drones,19.99,3,59.97,sgehringer4s@auda.org.au#mailto:sgehringer4s@auda.org.au#,Boston
1/28/2020,Training Videos,Industrial 3D Printing,49,3,147,smarojq@odnoklassniki.ru#mailto:smarojq@odnoklassniki.ru#,Philadelphia
1/29/2020,Blueprints,Creature Robot Arms Blueprint,12,4,48,icastroj8@trellian.com#mailto:icastroj8@trellian.com#,San Angelo
1/29/2020,eBooks,Cartesian Robots,12.99,4,51.96,dfriel54@howstuffworks.com#mailto:dfriel54@howstuffworks.com#,Young America
1/29/2020,Training Videos,AI for Educators,49.95,5,249.75,genochef@networkadvertising.org#mailto:genochef@networkadvertising.org#,Zephyrhills
1/30/2020,Blueprints,Ladybug Robot Blueprint,12,3,36,rgeorgelin5v@istockphoto.com#mailto:rgeorgelin5v@istockphoto.com#,Brooklyn
1/30/2020,Drone Kits,BYOD-400,119,4,476,htidmanmv@ucla.edu#mailto:htidmanmv@ucla.edu#,Knoxville
1/30/2020,eBooks,Polar Robots,23.99,4,95.96,rscoinesk6@blogspot.com#mailto:rscoinesk6@blogspot.com#,Madison
1/30/2020,Robots,RCB-889 Robot,549,3,1647,rranyelld5n@msn.com#mailto:rranyelld5n@msn.com#,Oxnard
1/30/2020,Robots,RCB-889 Robot,549,5,2745,lholliboneai@columbia.edu#mailto:lholliboneai@columbia.edu#,San Antonio
1/31/2020,Drone Kits,BYOD-500,167,4,668,ldomengetg1@nsw.gov.au#mailto:ldomengetg1@nsw.gov.au#,Scottsdale
1/31/2020,Drones,DTD-7000 Drone,450,2,900,eyakoboviczn6@fc2.com#mailto:eyakoboviczn6@fc2.com#,Madison
1/31/2020,eBooks,Building Your First Robot,24.95,4,99.8,jbernaertqo@microsoft.com#mailto:jbernaertqo@microsoft.com#,Toledo
1/31/2020,Robot Kits,BYOR-1000,189,2,378,cshentonl8@java.com#mailto:cshentonl8@java.com#,Cumming
1/31/2020,Training Videos,Aerial Security,36.99,3,110.97,dvassarph@ovh.net#mailto:dvassarph@ovh.net#,Carson City
1/31/2020,Training Videos,Cloud Computing,29.99,3,89.97,lcotaeq@prweb.com#mailto:lcotaeq@prweb.com#,Oakland
2/1/2020,Drone Kits,BYOD-550,179,3,537,mhaskins5@ibm.com#mailto:mhaskins5@ibm.com#,Reno
2/1/2020,eBooks,Understanding Arduino,17.5,4,70,clowth9p@rakuten.co.jp#mailto:clowth9p@rakuten.co.jp#,New York City
2/1/2020,Training Videos,AI for Educators,49.95,1,49.95,gmacenzy8g@constantcontact.com#mailto:gmacenzy8g@constantcontact.com#,Springfield
2/1/2020,Training Videos,Robotic Essentials,34.99,5,174.95,bminkinan@mtv.com#mailto:bminkinan@mtv.com#,Fairbanks
2/2/2020,Blueprints,Hexacopter Drone Blueprint,8.99,5,44.95,achristolqa@networksolutions.com#mailto:achristolqa@networksolutions.com#,Charleston
2/2/2020,Blueprints,Hexacopter Drone Blueprint,8.99,5,44.95,fbrignalll3@google.com.au#mailto:fbrignalll3@google.com.au#,El Paso
2/2/2020,Blueprints,Panda Robot Blueprint,7.99,2,15.98,eworleyef@imdb.com#mailto:eworleyef@imdb.com#,Columbus
2/2/2020,Blueprints,Sleepy Eye Blueprint,11.99,4,47.96,gdaspark4@unesco.org#mailto:gdaspark4@unesco.org#,Birmingham
2/2/2020,eBooks,Helicopter Drones,20.95,5,104.75,cdroghanpg@over-blog.com#mailto:cdroghanpg@over-blog.com#,Tacoma
2/2/2020,Robots,RCB-889 Robot,549,2,1098,cgillionm7@cdc.gov#mailto:cgillionm7@cdc.gov#,Houston
2/3/2020,Drone Kits,BYOD-200,58.95,2,117.9,ggallene1@moonfruit.com#mailto:ggallene1@moonfruit.com#,San Antonio
2/3/2020,eBooks,Articulated Robots,23.99,3,71.97,lilyin9s@discovery.com#mailto:lilyin9s@discovery.com#,Colorado Springs
2/3/2020,eBooks,Polar Robots,23.99,3,71.97,bfroomq@acquirethisname.com#mailto:bfroomq@acquirethisname.com#,Salt Lake City
2/3/2020,Robots,RXW-9807 Robot,599,5,2995,eanfonsipu@wunderground.com#mailto:eanfonsipu@wunderground.com#,Orlando
2/4/2020,Blueprints,QuadroCopter Blueprint,10.99,3,32.97,ijohanningrq@t-online.de#mailto:ijohanningrq@t-online.de#,Kansas City
2/4/2020,eBooks,Fixed Wing Drones,15.5,5,77.5,imcshirrie2f@squidoo.com#mailto:imcshirrie2f@squidoo.com#,Hot Springs National Park
2/4/2020,Robot Kits,BYOR-1500,189,6,1134,btomczynskinw@amazon.de#mailto:btomczynskinw@amazon.de#,Minneapolis
2/4/2020,Robots,RCB-889 Robot,549,4,2196,agowdridgecl@odnoklassniki.ru#mailto:agowdridgecl@odnoklassniki.ru#,Bloomington
2/4/2020,Training Videos,Understanding Raspberry PI,28.99,3,86.97,gbednellqw@examiner.com#mailto:gbednellqw@examiner.com#,Akron
2/5/2020,Drone Kits,BYOD-200,58.95,3,176.85,wconybearoy@webnode.com#mailto:wconybearoy@webnode.com#,Austin
2/5/2020,Drone Kits,BYOD-300,89,2,178,thousecroftfp@taobao.com#mailto:thousecroftfp@taobao.com#,Cincinnati
2/5/2020,eBooks,Multi Rotor Drones,24.95,3,74.85,darmytagehc@mediafire.com#mailto:darmytagehc@mediafire.com#,Riverside
2/5/2020,Robot Kits,BYOR-3000,214,5,1070,challiburtonjx@wordpress.com#mailto:challiburtonjx@wordpress.com#,Anchorage
2/5/2020,Training Videos,Virtual Reality Basics,29.99,2,59.98,ozoellner21@mediafire.com#mailto:ozoellner21@mediafire.com#,Peoria
2/6/2020,Blueprints,Cat Robot Blueprint,4.99,4,19.96,doliverpaullmb@vinaora.com#mailto:doliverpaullmb@vinaora.com#,Fort Wayne
2/6/2020,Blueprints,Sleepy Eye Blueprint,11.99,3,35.97,cpickover2l@apache.org#mailto:cpickover2l@apache.org#,Huntington Beach
2/6/2020,Drone Kits,BYOD-500,167,3,501,ljolleyiw@google.de#mailto:ljolleyiw@google.de#,Miami
2/6/2020,Drone Kits,BYOD-550,179,3,537,akitchenhamga@tripadvisor.com#mailto:akitchenhamga@tripadvisor.com#,Detroit
2/6/2020,eBooks,Delivery Drones,14.99,3,44.97,nachesonjd@sbwire.com#mailto:nachesonjd@sbwire.com#,Minneapolis
2/7/2020,Blueprints,Bsquare Robot Blueprint,8.99,4,35.96,hwissbypy@msu.edu#mailto:hwissbypy@msu.edu#,Chicago
2/7/2020,Drones,MICR-564K Drone,499,5,2495,wspark10@mashable.com#mailto:wspark10@mashable.com#,Reston
2/7/2020,eBooks,Building Your Own Drone,24.99,1,24.99,ckobierzyckipr@sogou.com#mailto:ckobierzyckipr@sogou.com#,Atlanta
2/7/2020,eBooks,Building Your Own Drone,24.99,4,99.96,zpoolmaniz@linkedin.com#mailto:zpoolmaniz@linkedin.com#,Fargo
2/7/2020,eBooks,Cartesian Robots,12.99,4,51.96,lrobacknn@newyorker.com#mailto:lrobacknn@newyorker.com#,Madison
2/7/2020,eBooks,Delivery Drones,14.99,2,29.98,cscarr9m@yahoo.com#mailto:cscarr9m@yahoo.com#,Montgomery
2/8/2020,Drone Kits,BYOD-400S,129.95,4,519.8,ecowthart1h@scientificamerican.com#mailto:ecowthart1h@scientificamerican.com#,Saint Paul
2/8/2020,Drones,DTE-QFN20 Drone,250,3,750,dhuddartht@networksolutions.com#mailto:dhuddartht@networksolutions.com#,Miami
2/8/2020,eBooks,Delivery Drones,14.99,6,89.94,rjachtym3c@usda.gov#mailto:rjachtym3c@usda.gov#,Boston
2/8/2020,Robots,RWW-75 Robot,883,4,3532,tcowper25@netlog.com#mailto:tcowper25@netlog.com#,Fort Worth
2/8/2020,Training Videos,Understanding Drone Regulations,27.5,2,55,dcandey3b@cocolog-nifty.com#mailto:dcandey3b@cocolog-nifty.com#,Denver
2/8/2020,Training Videos,Understanding Drone Regulations,27.5,5,137.5,tsailoro4@barnesandnoble.com#mailto:tsailoro4@barnesandnoble.com#,Las Vegas
2/9/2020,Blueprints,Creature Robot Arms Blueprint,12,3,36,bhrishanokd2@archive.org#mailto:bhrishanokd2@archive.org#,Pasadena
2/9/2020,Blueprints,Creature Robot Arms Blueprint,12,3,36,blapthorne1@spotify.com#mailto:blapthorne1@spotify.com#,Tulsa
2/9/2020,Drone Kits,BYOD-200,58.95,6,353.7,ldambrogiij@merriam-webster.com#mailto:ldambrogiij@merriam-webster.com#,Columbia
2/9/2020,eBooks,GPS Drones,19.99,2,39.98,ascawtonqi@meetup.com#mailto:ascawtonqi@meetup.com#,Abilene
2/9/2020,eBooks,Photograph Drones,14.99,3,44.97,ecowthart1h@scientificamerican.com#mailto:ecowthart1h@scientificamerican.com#,Saint Paul
2/9/2020,Robot Kits,BYOR-1000,189,3,567,vblackwoodmf@tinyurl.com#mailto:vblackwoodmf@tinyurl.com#,Atlanta
2/9/2020,Robots,RLK-9920 Robot,699,4,2796,ebartolozzigq@time.com#mailto:ebartolozzigq@time.com#,Glendale
2/10/2020,Drone Kits,BYOD-400S,129.95,1,129.95,aolekhovn7@webmd.com#mailto:aolekhovn7@webmd.com#,Salt Lake City
2/10/2020,eBooks,Photograph Drones,14.99,3,44.97,ewinman95@twitter.com#mailto:ewinman95@twitter.com#,Las Vegas
2/10/2020,Robot Kits,BYOR-1000,189,3,567,jhallidayrl@dell.com#mailto:jhallidayrl@dell.com#,Portland
2/10/2020,Training Videos,AI for Educators,49.95,2,99.9,ttoulchi5@ehow.com#mailto:ttoulchi5@ehow.com#,Phoenix
2/11/2020,Drone Kits,BYOD-400S,129.95,5,649.75,bcrowthergs@cyberchimps.com#mailto:bcrowthergs@cyberchimps.com#,Tucson
2/11/2020,Drones,DC-304 Drone,395,3,1185,swelmanod@google.it#mailto:swelmanod@google.it#,Columbus
2/11/2020,eBooks,Multi Rotor Drones,24.95,3,74.85,bsortongk@amazon.de#mailto:bsortongk@amazon.de#,Bismarck
2/11/2020,eBooks,RTF Drones,16.99,4,67.96,tmariansc4@dmoz.org#mailto:tmariansc4@dmoz.org#,Corona
2/11/2020,Robots,RQTE-554 Robot,684,2,1368,mbuckmaster6b@mediafire.com#mailto:mbuckmaster6b@mediafire.com#,Detroit
2/12/2020,Blueprints,Bsquare Robot Blueprint,8.99,6,53.94,brickabya2@europa.eu#mailto:brickabya2@europa.eu#,Kansas City
2/12/2020,Drone Kits,BYOD-220,69,4,276,kbrewittgf@mac.com#mailto:kbrewittgf@mac.com#,Flint
2/12/2020,Drones,DA-SA702 Drone,399,4,1596,gmacenzy8g@constantcontact.com#mailto:gmacenzy8g@constantcontact.com#,Springfield
2/12/2020,Drones,DTI-84 Drone,455,1,455,gsemered1u@dot.gov#mailto:gsemered1u@dot.gov#,Washington
2/12/2020,eBooks,Polar Robots,23.99,5,119.95,ecolepl@youku.com#mailto:ecolepl@youku.com#,Hartford
2/12/2020,Robots,RLK-9920 Robot,699,6,4194,hfaulconerbv@msu.edu#mailto:hfaulconerbv@msu.edu#,Galveston
2/12/2020,Training Videos,Robotic Essentials,34.99,5,174.95,egrombridge88@upenn.edu#mailto:egrombridge88@upenn.edu#,Washington
2/12/2020,Training Videos,Understanding 3D Printing,42.99,5,214.95,larnaudonqm@uol.com.br#mailto:larnaudonqm@uol.com.br#,Denver
2/13/2020,Drones,DX-145 Drone,250,2,500,roxtibyp1@slashdot.org#mailto:roxtibyp1@slashdot.org#,Des Moines
2/13/2020,eBooks,Spherical Robots,16.75,5,83.75,salbrightonbf@paginegialle.it#mailto:salbrightonbf@paginegialle.it#,Washington
2/13/2020,Robot Kits,BYOR-3000,214,4,856,cnenolz@mediafire.com#mailto:cnenolz@mediafire.com#,Aurora
2/13/2020,Robots,RLK-9920 Robot,699,5,3495,ggoodere4q@scientificamerican.com#mailto:ggoodere4q@scientificamerican.com#,Omaha
2/13/2020,Training Videos,Open Source Code,32.95,5,164.75,genochef@networkadvertising.org#mailto:genochef@networkadvertising.org#,Zephyrhills
2/14/2020,Drone Kits,BYOD-400S,129.95,2,259.9,cswanm7@ft.com#mailto:cswanm7@ft.com#,Redwood City
2/14/2020,Robots,RCB-889 Robot,549,3,1647,pstonehewerha@state.tx.us#mailto:pstonehewerha@state.tx.us#,Houston
2/14/2020,Training Videos,Drone Video Techniques,37.99,4,151.96,ascawtonqi@meetup.com#mailto:ascawtonqi@meetup.com#,Abilene
2/15/2020,Blueprints,Creature Robot Arms Blueprint,12,3,36,rterzinc@youtu.be#mailto:rterzinc@youtu.be#,Roanoke
2/15/2020,Blueprints,Creature Robot Arms Blueprint,12,6,72,cklemenzmn@ezinearticles.com#mailto:cklemenzmn@ezinearticles.com#,Oakland
2/15/2020,Blueprints,Hexacopter Drone Blueprint,8.99,2,17.98,ldreschler65@reverbnation.com#mailto:ldreschler65@reverbnation.com#,Little Rock
2/15/2020,Drone Kits,BYOD-500,167,2,334,bhargeriehi@bandcamp.com#mailto:bhargeriehi@bandcamp.com#,Phoenix
2/15/2020,eBooks,Photograph Drones,14.99,5,74.95,bwaiton1@geocities.com#mailto:bwaiton1@geocities.com#,Madison
2/16/2020,Drones,DA-SA702 Drone,399,3,1197,bshavelo8@ihg.com#mailto:bshavelo8@ihg.com#,Atlanta
2/16/2020,Drones,DC-304 Drone,395,5,1975,jdoubrava7@naver.com#mailto:jdoubrava7@naver.com#,Saint Louis
2/16/2020,Drones,DTD-7000 Drone,450,1,450,nsexceyar@state.tx.us#mailto:nsexceyar@state.tx.us#,Saginaw
2/16/2020,eBooks,Cartesian Robots,12.99,4,51.96,bissonrn@wufoo.com#mailto:bissonrn@wufoo.com#,Minneapolis
2/16/2020,eBooks,Helicopter Drones,20.95,3,62.85,lhacardic@drupal.org#mailto:lhacardic@drupal.org#,Knoxville
2/16/2020,eBooks,Polar Robots,23.99,2,47.98,arudingerbh@nps.gov#mailto:arudingerbh@nps.gov#,Odessa
2/16/2020,Robots,RLK-9920 Robot,699,3,2097,dotteyf0@scribd.com#mailto:dotteyf0@scribd.com#,Aiken
2/16/2020,Training Videos,Virtual Reality Basics,29.99,3,89.97,nbukacrm@nymag.com#mailto:nbukacrm@nymag.com#,Salt Lake City
2/17/2020,eBooks,Helicopter Drones,20.95,4,83.8,llespercx@com.com#mailto:llespercx@com.com#,Des Moines
2/17/2020,Training Videos,Understanding Drone Regulations,27.5,3,82.5,jdowlingn3@google.it#mailto:jdowlingn3@google.it#,Saginaw
2/18/2020,Blueprints,Bsquare Robot Blueprint,8.99,4,35.96,mponde11@cnet.com#mailto:mponde11@cnet.com#,Boise
2/18/2020,Drone Kits,BYOD-100,54,5,270,rmateikogg@merriam-webster.com#mailto:rmateikogg@merriam-webster.com#,El Paso
2/18/2020,Drone Kits,BYOD-400S,129.95,6,779.7,dstuartil@dmoz.org#mailto:dstuartil@dmoz.org#,Little Rock
2/18/2020,Drone Kits,BYOD-500,167,4,668,mbrabenderar@wikipedia.org#mailto:mbrabenderar@wikipedia.org#,Miami
2/18/2020,Drones,DA-SA702 Drone,399,5,1995,nfulham5t@fda.gov#mailto:nfulham5t@fda.gov#,San Francisco
2/18/2020,eBooks,Building Your First Robot,24.95,4,99.8,bstichelom@adobe.com#mailto:bstichelom@adobe.com#,Garland
2/18/2020,Training Videos,Understanding Raspberry PI,28.99,3,86.97,hhaw9q@answers.com#mailto:hhaw9q@answers.com#,Boise
2/19/2020,eBooks,RTF Drones,16.99,2,33.98,eweedeneb@google.ca#mailto:eweedeneb@google.ca#,Erie
2/19/2020,Robots,RQTE-554 Robot,684,6,4104,cbentinckn0@indiegogo.com#mailto:cbentinckn0@indiegogo.com#,New York City
2/20/2020,Blueprints,Sleepy Eye Blueprint,11.99,5,59.95,enardipv@networkadvertising.org#mailto:enardipv@networkadvertising.org#,Cape Coral
2/20/2020,Drone Kits,BYOD-300,89,4,356,cciobutaru6v@netlog.com#mailto:cciobutaru6v@netlog.com#,Charlotte
2/20/2020,Drone Kits,BYOD-350,89.95,5,449.75,clanneyiu@imdb.com#mailto:clanneyiu@imdb.com#,Canton
2/20/2020,eBooks,Delta Robots,16.99,4,67.96,cgallehockkf@xinhuanet.com#mailto:cgallehockkf@xinhuanet.com#,Denver
2/21/2020,Blueprints,Creature Robot Arms Blueprint,12,3,36,msuggettgh@php.net#mailto:msuggettgh@php.net#,Cincinnati
2/21/2020,Blueprints,Ladybug Robot Blueprint,12,3,36,ksmeetongu@wordpress.com#mailto:ksmeetongu@wordpress.com#,Tulsa
2/21/2020,Blueprints,Panda Robot Blueprint,7.99,5,39.95,hbrisleygo@telegraph.co.uk#mailto:hbrisleygo@telegraph.co.uk#,Omaha
2/21/2020,Drone Kits,BYOD-400S,129.95,2,259.9,bcumberpatchjr@auda.org.au#mailto:bcumberpatchjr@auda.org.au#,Birmingham
2/21/2020,Drone Kits,BYOD-550,179,5,895,bmackintoshiu@google.co.jp#mailto:bmackintoshiu@google.co.jp#,Lincoln
2/21/2020,eBooks,Spherical Robots,16.75,4,67,ophythianpt@princeton.edu#mailto:ophythianpt@princeton.edu#,Evansville
2/21/2020,Robots,RLK-9920 Robot,699,5,3495,bshavelo8@ihg.com#mailto:bshavelo8@ihg.com#,Atlanta
2/21/2020,Training Videos,Aerial Security,36.99,3,110.97,ravardff@yelp.com#mailto:ravardff@yelp.com#,Oakland
2/21/2020,Training Videos,Understanding Drone Regulations,27.5,5,137.5,fphebee40@seattletimes.com#mailto:fphebee40@seattletimes.com#,South Bend
2/22/2020,Blueprints,Hexacopter Drone Blueprint,8.99,4,35.96,bgraceg3@nih.gov#mailto:bgraceg3@nih.gov#,Grand Junction
2/24/2020,Blueprints,Sleepy Eye Blueprint,11.99,2,23.98,dmcgrortyin@google.co.jp#mailto:dmcgrortyin@google.co.jp#,Elizabeth
2/24/2020,Drone Kits,BYOD-100,54,1,54,ogottschalk7l@vinaora.com#mailto:ogottschalk7l@vinaora.com#,Minneapolis
2/24/2020,eBooks,Spherical Robots,16.75,2,33.5,slocockig@wp.com#mailto:slocockig@wp.com#,New Haven
2/24/2020,Robot Kits,BYOR-2640S,189,2,378,awalshj1@dell.com#mailto:awalshj1@dell.com#,Mesa
2/24/2020,Training Videos,Robotic Essentials,34.99,2,69.98,bdej@posterous.com#mailto:bdej@posterous.com#,Corpus Christi
2/24/2020,Training Videos,Understanding Raspberry PI,28.99,1,28.99,mscutter9h@skype.com#mailto:mscutter9h@skype.com#,Newark
2/25/2020,Blueprints,Creature Robot Arms Blueprint,12,4,48,gbrushneenmt@gnu.org#mailto:gbrushneenmt@gnu.org#,Peoria
2/25/2020,Blueprints,Ladybug Robot Blueprint,12,3,36,nyersonp5@mlb.com#mailto:nyersonp5@mlb.com#,Lafayette
2/25/2020,Drones,DTE-QFN20 Drone,250,2,500,sixer2o@wikipedia.org#mailto:sixer2o@wikipedia.org#,Mobile
2/25/2020,eBooks,GPS Drones,19.99,5,99.95,kbulfordiz@friendfeed.com#mailto:kbulfordiz@friendfeed.com#,Saint Louis
2/25/2020,eBooks,Helicopter Drones,20.95,3,62.85,jponsford2o@booking.com#mailto:jponsford2o@booking.com#,El Paso
2/25/2020,eBooks,Spherical Robots,16.75,1,16.75,thamil87@telegraph.co.uk#mailto:thamil87@telegraph.co.uk#,Detroit
2/25/2020,eBooks,Understanding Arduino,17.5,3,52.5,cbunnellma@google.nl#mailto:cbunnellma@google.nl#,Memphis
2/25/2020,eBooks,Understanding Artificial Intelligence,19.5,1,19.5,gsemered1u@dot.gov#mailto:gsemered1u@dot.gov#,Washington
2/25/2020,Robot Kits,BYOR-4005,245,3,735,kgarroldqn@blogtalkradio.com#mailto:kgarroldqn@blogtalkradio.com#,Evansville
2/25/2020,Robots,RCB-889 Robot,549,3,1647,hcoultercx@sciencedaily.com#mailto:hcoultercx@sciencedaily.com#,Inglewood
2/26/2020,Drone Kits,BYOD-400,119,3,357,smarojq@odnoklassniki.ru#mailto:smarojq@odnoklassniki.ru#,Philadelphia
2/26/2020,eBooks,Fixed Wing Drones,15.5,2,31,epetegreem0@hhs.gov#mailto:epetegreem0@hhs.gov#,Spokane
2/26/2020,eBooks,Multi Rotor Drones,24.95,3,74.85,lditchnu@mlb.com#mailto:lditchnu@mlb.com#,Beaufort
2/26/2020,eBooks,Polar Robots,23.99,4,95.96,pwallmanam@booking.com#mailto:pwallmanam@booking.com#,Stamford
2/26/2020,eBooks,Understanding Arduino,17.5,5,87.5,woxleemg@europa.eu#mailto:woxleemg@europa.eu#,Miami
2/26/2020,Training Videos,Open Source Code,32.95,5,164.75,hgeeraerteh@npr.org#mailto:hgeeraerteh@npr.org#,Clearwater
2/27/2020,Robot Kits,BYOR-1000,189,4,756,mmitroshinovr@sfgate.com#mailto:mmitroshinovr@sfgate.com#,San Francisco
2/27/2020,Training Videos,Drone Video Techniques,37.99,4,151.96,szollner5m@skype.com#mailto:szollner5m@skype.com#,San Diego
2/28/2020,Drones,DTI-84 Drone,455,4,1820,emcrory6y@mac.com#mailto:emcrory6y@mac.com#,Birmingham
2/28/2020,eBooks,Building Your First Robot,24.95,4,99.8,sdixceekl@vkontakte.ru#mailto:sdixceekl@vkontakte.ru#,Lafayette
2/28/2020,eBooks,Helicopter Drones,20.95,5,104.75,rpittsel@t.co#mailto:rpittsel@t.co#,Savannah
2/28/2020,eBooks,Spherical Robots,16.75,4,67,psherrottp2@e-recht24.de#mailto:psherrottp2@e-recht24.de#,Newark
2/28/2020,Robots,RXW-9807 Robot,599,3,1797,aduberryoq@hugedomains.com#mailto:aduberryoq@hugedomains.com#,Trenton
2/29/2020,eBooks,Single Rotor Drones,14.99,1,14.99,abrokeqg@ihg.com#mailto:abrokeqg@ihg.com#,Los Angeles
2/29/2020,Robots,RCB-889 Robot,549,5,2745,rhutchin7y@springer.com#mailto:rhutchin7y@springer.com#,Washington
3/1/2020,Blueprints,Creature Robot Arms Blueprint,12,4,48,hjammeqo@comcast.net#mailto:hjammeqo@comcast.net#,Santa Rosa
3/1/2020,Drone Kits,BYOD-300,89,3,267,mbermingham2d@php.net#mailto:mbermingham2d@php.net#,Chico
3/1/2020,eBooks,Helicopter Drones,20.95,3,62.85,wkilcullenij@canalblog.com#mailto:wkilcullenij@canalblog.com#,Lancaster
3/1/2020,Robot Kits,BYOR-1500,189,2,378,ecleworthcq@hp.com#mailto:ecleworthcq@hp.com#,Columbus
3/1/2020,Robots,RCB-889 Robot,549,3,1647,dhoultek@exblog.jp#mailto:dhoultek@exblog.jp#,Los Angeles
3/2/2020,Blueprints,QuadroCopter Blueprint,10.99,5,54.95,jmckirtonb6@merriam-webster.com#mailto:jmckirtonb6@merriam-webster.com#,Kansas City
3/2/2020,Blueprints,Sleepy Eye Blueprint,11.99,2,23.98,mheaps55@usatoday.com#mailto:mheaps55@usatoday.com#,Saint Paul
3/2/2020,Drone Kits,BYOD-200,58.95,2,117.9,eblackader1@timesonline.co.uk#mailto:eblackader1@timesonline.co.uk#,Stockton
3/2/2020,Drone Kits,BYOD-350,89.95,5,449.75,nkippax2j@auda.org.au#mailto:nkippax2j@auda.org.au#,Washington
3/2/2020,Drones,DTD-7000 Drone,450,4,1800,gsweeting7t@w3.org#mailto:gsweeting7t@w3.org#,Silver Spring
3/2/2020,Drones,DTE-QFN20 Drone,250,4,1000,mswabye5@time.com#mailto:mswabye5@time.com#,Minneapolis
3/2/2020,eBooks,Delta Robots,16.99,2,33.98,pleberkj@sitemeter.com#mailto:pleberkj@sitemeter.com#,Billings
3/2/2020,Robot Kits,BYOR-1000,189,4,756,vrennocks5n@ow.ly#mailto:vrennocks5n@ow.ly#,Evansville
3/2/2020,Training Videos,Drone Video Techniques,37.99,2,75.98,acristoferid8@bigcartel.com#mailto:acristoferid8@bigcartel.com#,Simi Valley
3/3/2020,Drones,DC-304 Drone,395,3,1185,jeasterop@tinypic.com#mailto:jeasterop@tinypic.com#,Washington
3/3/2020,eBooks,Delta Robots,16.99,3,50.97,jhallidayrl@dell.com#mailto:jhallidayrl@dell.com#,Portland
3/3/2020,eBooks,Fixed Wing Drones,15.5,4,62,pjermeyqp@hugedomains.com#mailto:pjermeyqp@hugedomains.com#,Santa Fe
3/3/2020,Robot Kits,BYOR-3000,214,3,642,owalshjg@si.edu#mailto:owalshjg@si.edu#,Chicago
3/3/2020,Robots,MICR-23K Robot,899,1,899,ahardym@soup.io#mailto:ahardym@soup.io#,Madison
3/3/2020,Robots,RCB-889 Robot,549,3,1647,rshielcz@photobucket.com#mailto:rshielcz@photobucket.com#,Brooklyn
3/3/2020,Robots,RWW-75 Robot,883,5,4415,afanning12@dmoz.org#mailto:afanning12@dmoz.org#,Arlington
3/3/2020,Training Videos,Industrial 3D Printing,49,2,98,ncockettj0@ibm.com#mailto:ncockettj0@ibm.com#,Richmond
3/3/2020,Training Videos,Understanding Raspberry PI,28.99,3,86.97,mbraunstonn3@histats.com#mailto:mbraunstonn3@histats.com#,Brooklyn
3/4/2020,Blueprints,Panda Robot Blueprint,7.99,2,15.98,shasnip86@qq.com#mailto:shasnip86@qq.com#,Tucson
3/4/2020,Drone Kits,BYOD-500,167,1,167,idurnillms@vinaora.com#mailto:idurnillms@vinaora.com#,Fresno
3/4/2020,eBooks,Photograph Drones,14.99,5,74.95,rhargreaves2e@gizmodo.com#mailto:rhargreaves2e@gizmodo.com#,Columbus
3/5/2020,Training Videos,Robotic Essentials,34.99,4,139.96,dlevermoremw@amazon.de#mailto:dlevermoremw@amazon.de#,New York City
3/6/2020,Drone Kits,BYOD-200,58.95,2,117.9,rkeelanoc@yolasite.com#mailto:rkeelanoc@yolasite.com#,Trenton
3/6/2020,Drone Kits,BYOD-300,89,3,267,vilyinskioe@amazonaws.com#mailto:vilyinskioe@amazonaws.com#,Oklahoma City
3/6/2020,eBooks,Photograph Drones,14.99,1,14.99,mousley1o@pcworld.com#mailto:mousley1o@pcworld.com#,Boynton Beach
3/7/2020,Blueprints,Ladybug Robot Blueprint,12,5,60,gbonde90@vimeo.com#mailto:gbonde90@vimeo.com#,San Francisco
3/7/2020,Drones,DA-SA702 Drone,399,5,1995,klyer8@fotki.com#mailto:klyer8@fotki.com#,Syracuse
3/7/2020,Robot Kits,BYOR-1000,189,5,945,olakesar@tripadvisor.com#mailto:olakesar@tripadvisor.com#,Saint Petersburg
3/7/2020,Training Videos,Mapping with Drones,49,4,196,enardipv@networkadvertising.org#mailto:enardipv@networkadvertising.org#,Cape Coral
3/8/2020,Drones,DC-304 Drone,395,5,1975,achristolqa@networksolutions.com#mailto:achristolqa@networksolutions.com#,Charleston
3/8/2020,eBooks,Delta Robots,16.99,5,84.95,pbracec3@shinystat.com#mailto:pbracec3@shinystat.com#,Columbia
3/8/2020,Robot Kits,BYOR-1500,189,2,378,rbalogiw@arstechnica.com#mailto:rbalogiw@arstechnica.com#,Birmingham
3/8/2020,Robots,RQTE-554 Robot,684,1,684,pleberkj@sitemeter.com#mailto:pleberkj@sitemeter.com#,Billings
3/9/2020,Drones,MICR-564K Drone,499,1,499,mtebbitk9@constantcontact.com#mailto:mtebbitk9@constantcontact.com#,Asheville
3/9/2020,eBooks,Drone Building Essentials,13.99,6,83.94,ctaceydb@hp.com#mailto:ctaceydb@hp.com#,Milwaukee
3/9/2020,Robot Kits,BYOR-1000,189,4,756,bscoginm3@yelp.com#mailto:bscoginm3@yelp.com#,Saint Louis
3/9/2020,Robots,MICR-23K Robot,899,3,2697,ajentzschl1@de.vu#mailto:ajentzschl1@de.vu#,Fullerton
3/9/2020,Training Videos,Industrial 3D Printing,49,6,294,jramsbothamly@pagesperso-orange.fr#mailto:jramsbothamly@pagesperso-orange.fr#,Topeka
3/9/2020,Training Videos,Virtual Reality Basics,29.99,3,89.97,vhaslam4m@mit.edu#mailto:vhaslam4m@mit.edu#,Springfield
3/10/2020,Blueprints,All Eyes Drone Blueprint,9.99,3,29.97,hcubberley92@devhub.com#mailto:hcubberley92@devhub.com#,Aurora
3/10/2020,eBooks,Delta Robots,16.99,2,33.98,aloniep3@pinterest.com#mailto:aloniep3@pinterest.com#,Bellevue
3/10/2020,Robot Kits,BYOR-2640S,189,4,756,tmcgarry75@narod.ru#mailto:tmcgarry75@narod.ru#,Washington
3/10/2020,Training Videos,Drone Video Techniques,37.99,1,37.99,ssouttarmb@senate.gov#mailto:ssouttarmb@senate.gov#,Austin
3/11/2020,Blueprints,Panda Robot Blueprint,7.99,4,31.96,cloinsjc@mail.ru#mailto:cloinsjc@mail.ru#,Oklahoma City
3/11/2020,Blueprints,Sleepy Eye Blueprint,11.99,3,35.97,spumfreyhi@hp.com#mailto:spumfreyhi@hp.com#,Baton Rouge
3/11/2020,Robot Kits,BYOR-3000,214,3,642,jdeaconsonqb@usgs.gov#mailto:jdeaconsonqb@usgs.gov#,Winston Salem
3/12/2020,Blueprints,Panda Robot Blueprint,7.99,2,15.98,bandrickao@smugmug.com#mailto:bandrickao@smugmug.com#,Sterling
3/12/2020,eBooks,Articulated Robots,23.99,3,71.97,tpickworth4k@rambler.ru#mailto:tpickworth4k@rambler.ru#,Charlotte
3/12/2020,Robot Kits,BYOR-3535,225,2,450,dmarrillb5@sina.com.cn#mailto:dmarrillb5@sina.com.cn#,Irving
3/12/2020,Robots,RLK-9920 Robot,699,3,2097,selliottqs@google.cn#mailto:selliottqs@google.cn#,Wichita
3/13/2020,Blueprints,Sleepy Eye Blueprint,11.99,4,47.96,jsimonsence@vimeo.com#mailto:jsimonsence@vimeo.com#,Silver Spring
3/13/2020,Drones,DC-304 Drone,395,5,1975,trippenig@wunderground.com#mailto:trippenig@wunderground.com#,Moreno Valley
3/13/2020,Drones,DX-145 Drone,250,5,1250,fraylton54@fema.gov#mailto:fraylton54@fema.gov#,Englewood
3/13/2020,Robots,RCB-889 Robot,549,2,1098,acrippsgt@si.edu#mailto:acrippsgt@si.edu#,Dallas
3/13/2020,Robots,RWW-75 Robot,883,4,3532,lchippindallnr@reddit.com#mailto:lchippindallnr@reddit.com#,Washington
3/14/2020,Robot Kits,BYOR-2640S,189,5,945,respinosard@ebay.com#mailto:respinosard@ebay.com#,Terre Haute
3/14/2020,Training Videos,AI for Educators,49.95,5,249.75,abentleyx@miitbeian.gov.cn#mailto:abentleyx@miitbeian.gov.cn#,Atlanta
3/14/2020,Training Videos,Understanding Raspberry PI,28.99,3,86.97,bveallbd@newsvine.com#mailto:bveallbd@newsvine.com#,Lexington
3/15/2020,Blueprints,Cat Robot Blueprint,4.99,1,4.99,mpossekfo@google.nl#mailto:mpossekfo@google.nl#,Flushing
3/15/2020,Blueprints,Sleepy Eye Blueprint,11.99,4,47.96,hantonetti31@wix.com#mailto:hantonetti31@wix.com#,Chattanooga
3/15/2020,Drone Kits,BYOD-550,179,4,716,wbernolet9v@ft.com#mailto:wbernolet9v@ft.com#,Appleton
3/15/2020,eBooks,Polar Robots,23.99,1,23.99,rwadelinga6@bloglovin.com#mailto:rwadelinga6@bloglovin.com#,Lexington
3/15/2020,Robot Kits,BYOR-2640S,189,2,378,jdobbinson6o@globo.com#mailto:jdobbinson6o@globo.com#,Odessa
3/16/2020,Robot Kits,BYOR-1500,189,3,567,dscracehm@google.ru#mailto:dscracehm@google.ru#,Houston
3/16/2020,Robots,RQTE-554 Robot,684,3,2052,lpettusgl@domainmarket.com#mailto:lpettusgl@domainmarket.com#,Saint Louis
3/16/2020,Robots,RXW-9807 Robot,599,4,2396,gkingegn@pinterest.com#mailto:gkingegn@pinterest.com#,Sacramento
3/17/2020,Blueprints,Creature Robot Arms Blueprint,12,6,72,crubbens6t@disqus.com#mailto:crubbens6t@disqus.com#,Houston
3/17/2020,Drones,MICR-564K Drone,499,5,2495,posbanmn@redcross.org#mailto:posbanmn@redcross.org#,Sacramento
3/17/2020,eBooks,Cartesian Robots,12.99,2,25.98,ebartelsellisll@va.gov#mailto:ebartelsellisll@va.gov#,Rockford
3/17/2020,eBooks,Fixed Wing Drones,15.5,3,46.5,bscophamor@homestead.com#mailto:bscophamor@homestead.com#,Durham
3/17/2020,Robots,RQTE-554 Robot,684,3,2052,bwansburyfy@cbsnews.com#mailto:bwansburyfy@cbsnews.com#,Manchester
3/17/2020,Training Videos,Mapping with Drones,49,5,245,bhoys51@smh.com.au#mailto:bhoys51@smh.com.au#,Rochester
3/18/2020,Blueprints,Sleepy Eye Blueprint,11.99,1,11.99,asouthallg@sohu.com#mailto:asouthallg@sohu.com#,Daytona Beach
3/18/2020,Blueprints,Sleepy Eye Blueprint,11.99,6,71.94,lstaines64@issuu.com#mailto:lstaines64@issuu.com#,Modesto
3/18/2020,eBooks,SCARA Robots,19.5,3,58.5,tocriane96@flavors.me#mailto:tocriane96@flavors.me#,Little Rock
3/18/2020,Robots,MICR-23K Robot,899,3,2697,claurenzibt@noaa.gov#mailto:claurenzibt@noaa.gov#,Pompano Beach
3/19/2020,Blueprints,Bsquare Robot Blueprint,8.99,3,26.97,nseagood4@paginegialle.it#mailto:nseagood4@paginegialle.it#,Houston
3/19/2020,Drone Kits,BYOD-500,167,4,668,aambrosi3s@sogou.com#mailto:aambrosi3s@sogou.com#,Albany
3/20/2020,Blueprints,QuadroCopter Blueprint,10.99,4,43.96,jharborowia@rambler.ru#mailto:jharborowia@rambler.ru#,Dayton
3/20/2020,eBooks,Delivery Drones,14.99,3,44.97,lhydermu@microsoft.com#mailto:lhydermu@microsoft.com#,Oakland
3/20/2020,Robots,RCB-889 Robot,549,5,2745,rtomkinson47@nbcnews.com#mailto:rtomkinson47@nbcnews.com#,Denver
3/21/2020,Blueprints,Cat Robot Blueprint,4.99,6,29.94,bdrewclifton8y@nps.gov#mailto:bdrewclifton8y@nps.gov#,Inglewood
3/21/2020,Blueprints,Sleepy Eye Blueprint,11.99,4,47.96,cchadwickg2@craigslist.org#mailto:cchadwickg2@craigslist.org#,Bakersfield
3/21/2020,Drone Kits,BYOD-400,119,4,476,tokeaveny41@fastcompany.com#mailto:tokeaveny41@fastcompany.com#,Houston
3/21/2020,Robot Kits,BYOR-4005,245,5,1225,maynoldrp@typepad.com#mailto:maynoldrp@typepad.com#,Madison
3/21/2020,Training Videos,Industrial 3D Printing,49,3,147,mrodmellaf@feedburner.com#mailto:mrodmellaf@feedburner.com#,Salt Lake City
3/22/2020,Blueprints,Bsquare Robot Blueprint,8.99,4,35.96,ofedoronkonk@salon.com#mailto:ofedoronkonk@salon.com#,Sunnyvale
3/22/2020,Blueprints,Sleepy Eye Blueprint,11.99,1,11.99,yodalyoa@bing.com#mailto:yodalyoa@bing.com#,Trenton
3/22/2020,Drone Kits,BYOD-400S,129.95,4,519.8,achristolqa@networksolutions.com#mailto:achristolqa@networksolutions.com#,Charleston
3/22/2020,eBooks,Helicopter Drones,20.95,5,104.75,ehynardgc@slashdot.org#mailto:ehynardgc@slashdot.org#,Hamilton
3/22/2020,Robot Kits,BYOR-1500,189,5,945,lstubbinsmv@livejournal.com#mailto:lstubbinsmv@livejournal.com#,Chattanooga
3/22/2020,Training Videos,Understanding 3D Printing,42.99,4,171.96,eweedeneb@google.ca#mailto:eweedeneb@google.ca#,Erie
3/23/2020,Blueprints,Ladybug Robot Blueprint,12,1,12,abentleyx@miitbeian.gov.cn#mailto:abentleyx@miitbeian.gov.cn#,Atlanta
3/23/2020,eBooks,Building Your Own Drone,24.99,4,99.96,rlafayette8x@prlog.org#mailto:rlafayette8x@prlog.org#,Burbank
3/23/2020,eBooks,Delta Robots,16.99,4,67.96,mtollidayo5@plala.or.jp#mailto:mtollidayo5@plala.or.jp#,Peoria
3/23/2020,Training Videos,Robotic Essentials,34.99,5,174.95,acorneyoq@uol.com.br#mailto:acorneyoq@uol.com.br#,Columbia
3/24/2020,Drone Kits,BYOD-200,58.95,3,176.85,dgeockleoi@wiley.com#mailto:dgeockleoi@wiley.com#,Ocala
3/24/2020,Drone Kits,BYOD-400,119,5,595,wahmedqj@shareasale.com#mailto:wahmedqj@shareasale.com#,Charleston
3/24/2020,eBooks,Building Your Own Drone,24.99,3,74.97,bcrowthergs@cyberchimps.com#mailto:bcrowthergs@cyberchimps.com#,Tucson
3/24/2020,Training Videos,Open Source Code,32.95,4,131.8,akleinmintz3g@xing.com#mailto:akleinmintz3g@xing.com#,Littleton
3/24/2020,Training Videos,Robotic Essentials,34.99,4,139.96,dmeaddowcrofth8@meetup.com#mailto:dmeaddowcrofth8@meetup.com#,Tacoma
3/25/2020,Drone Kits,BYOD-200,58.95,4,235.8,amcgeorgeog@wp.com#mailto:amcgeorgeog@wp.com#,Joliet
3/25/2020,Drones,DA-SA702 Drone,399,2,798,pshellshearmk@photobucket.com#mailto:pshellshearmk@photobucket.com#,Lafayette
3/26/2020,Blueprints,All Eyes Drone Blueprint,9.99,2,19.98,mphysickms@vistaprint.com#mailto:mphysickms@vistaprint.com#,Boise
3/26/2020,Drone Kits,BYOD-220,69,5,345,tburnhamsqb@deviantart.com#mailto:tburnhamsqb@deviantart.com#,Baltimore
3/26/2020,Drones,MICR-564K Drone,499,1,499,lwhillock3u@woothemes.com#mailto:lwhillock3u@woothemes.com#,Detroit
3/27/2020,Blueprints,Panda Robot Blueprint,7.99,1,7.99,pmcterlaghct@joomla.org#mailto:pmcterlaghct@joomla.org#,Fresno
3/27/2020,Blueprints,Sleepy Eye Blueprint,11.99,2,23.98,plafranconi4r@google.it#mailto:plafranconi4r@google.it#,Petaluma
3/27/2020,eBooks,Polar Robots,23.99,6,143.94,hhaw9q@answers.com#mailto:hhaw9q@answers.com#,Boise
3/27/2020,Robot Kits,BYOR-3535,225,3,675,ggarces8d@cisco.com#mailto:ggarces8d@cisco.com#,Saint Louis
3/27/2020,Training Videos,Drone Video Techniques,37.99,3,113.97,lmccuisbj@digg.com#mailto:lmccuisbj@digg.com#,Lawrenceville
3/27/2020,Training Videos,Virtual Reality Basics,29.99,3,89.97,geavesa6@discuz.net#mailto:geavesa6@discuz.net#,Hartford
3/28/2020,Drones,DX-145 Drone,250,5,1250,vhawsii@engadget.com#mailto:vhawsii@engadget.com#,Sacramento
3/28/2020,eBooks,Cartesian Robots,12.99,4,51.96,rgilbeekq@cdbaby.com#mailto:rgilbeekq@cdbaby.com#,Mobile
3/28/2020,Robots,RXW-9807 Robot,599,5,2995,dparysowna48@multiply.com#mailto:dparysowna48@multiply.com#,Lexington
3/29/2020,eBooks,Delivery Drones,14.99,5,74.95,abernaertc9@newyorker.com#mailto:abernaertc9@newyorker.com#,Albuquerque
3/29/2020,Robots,RXW-9807 Robot,599,3,1797,mgemmillns@typepad.com#mailto:mgemmillns@typepad.com#,New Orleans
3/29/2020,Training Videos,Drone Video Techniques,37.99,4,151.96,ffollacaro85@nbcnews.com#mailto:ffollacaro85@nbcnews.com#,Lexington
3/29/2020,Training Videos,Understanding Automation,44.95,4,179.8,bkemet2w@nbcnews.com#mailto:bkemet2w@nbcnews.com#,Chicago
3/29/2020,Training Videos,Understanding Drone Regulations,27.5,1,27.5,swestby1v@msu.edu#mailto:swestby1v@msu.edu#,Berkeley
3/30/2020,Drone Kits,BYOD-500,167,2,334,crubbens6t@disqus.com#mailto:crubbens6t@disqus.com#,Houston
3/30/2020,Drones,DC-304 Drone,395,3,1185,mwhiteleypw@istockphoto.com#mailto:mwhiteleypw@istockphoto.com#,Trenton
3/30/2020,Training Videos,Mapping with Drones,49,2,98,hdocwradl@discuz.net#mailto:hdocwradl@discuz.net#,Denver
3/31/2020,Drone Kits,BYOD-100,54,3,162,gmalbon26@auda.org.au#mailto:gmalbon26@auda.org.au#,Louisville
3/31/2020,eBooks,Polar Robots,23.99,2,47.98,jgethins4j@imageshack.us#mailto:jgethins4j@imageshack.us#,Boston
3/31/2020,eBooks,Polar Robots,23.99,4,95.96,pkockkj@npr.org#mailto:pkockkj@npr.org#,Salinas
4/1/2020,Blueprints,Sleepy Eye Blueprint,11.99,3,35.97,pemlochdy@ebay.co.uk#mailto:pemlochdy@ebay.co.uk#,Provo
4/1/2020,Blueprints,Sleepy Eye Blueprint,11.99,3,35.97,aandrosikl8@twitter.com#mailto:aandrosikl8@twitter.com#,Atlanta
4/1/2020,Drone Kits,BYOD-400S,129.95,1,129.95,jhamblington1j@omniture.com#mailto:jhamblington1j@omniture.com#,Macon
4/1/2020,Drone Kits,BYOD-500,167,3,501,ysabathe34@wired.com#mailto:ysabathe34@wired.com#,Huntington
4/1/2020,Drones,MICR-564K Drone,499,5,2495,gscandretta4@printfriendly.com#mailto:gscandretta4@printfriendly.com#,Lexington
4/1/2020,eBooks,Cartesian Robots,12.99,5,64.95,dorhrtjc@sciencedaily.com#mailto:dorhrtjc@sciencedaily.com#,Pueblo
4/1/2020,eBooks,Photograph Drones,14.99,5,74.95,klornsenhy@is.gd#mailto:klornsenhy@is.gd#,Cincinnati
4/1/2020,eBooks,Single Rotor Drones,14.99,1,14.99,bcollyal@netvibes.com#mailto:bcollyal@netvibes.com#,Pensacola
4/1/2020,Robots,RCB-889 Robot,549,2,1098,bwansburyfy@cbsnews.com#mailto:bwansburyfy@cbsnews.com#,Manchester
4/1/2020,Training Videos,Understanding Automation,44.95,1,44.95,rchristoffelw@so-net.ne.jp#mailto:rchristoffelw@so-net.ne.jp#,Baltimore
4/2/2020,Robots,RLK-9920 Robot,699,5,3495,lormesn9@smh.com.au#mailto:lormesn9@smh.com.au#,Carol Stream
4/2/2020,Training Videos,Cloud Computing,29.99,3,89.97,fsteersiy@hatena.ne.jp#mailto:fsteersiy@hatena.ne.jp#,Cincinnati
4/2/2020,Training Videos,Industrial 3D Printing,49,4,196,fbendle6o@cbc.ca#mailto:fbendle6o@cbc.ca#,Dallas
4/3/2020,Blueprints,All Eyes Drone Blueprint,9.99,5,49.95,ebartelsellisll@va.gov#mailto:ebartelsellisll@va.gov#,Rockford
4/3/2020,Blueprints,Creature Robot Arms Blueprint,12,3,36,sbolgerfn@epa.gov#mailto:sbolgerfn@epa.gov#,Sacramento
4/3/2020,Drone Kits,BYOD-220,69,6,414,cseear5f@mashable.com#mailto:cseear5f@mashable.com#,Akron
4/3/2020,Drone Kits,BYOD-550,179,4,716,aolanda1f@cornell.edu#mailto:aolanda1f@cornell.edu#,Johnstown
4/3/2020,Drones,DC-304 Drone,395,3,1185,abluschkegz@narod.ru#mailto:abluschkegz@narod.ru#,San Jose
4/3/2020,Drones,DC-304 Drone,395,4,1580,btissington3f@apple.com#mailto:btissington3f@apple.com#,Dallas
4/3/2020,Drones,DTI-84 Drone,455,5,2275,kdelleschij@howstuffworks.com#mailto:kdelleschij@howstuffworks.com#,Columbus
4/3/2020,eBooks,Delivery Drones,14.99,5,74.95,erowan6h@jigsy.com#mailto:erowan6h@jigsy.com#,Mesquite
4/3/2020,eBooks,Helicopter Drones,20.95,2,41.9,cvasyutin5i@wix.com#mailto:cvasyutin5i@wix.com#,Evansville
4/3/2020,eBooks,RTF Drones,16.99,4,67.96,kbrookesbie95@opera.com#mailto:kbrookesbie95@opera.com#,Roanoke
4/3/2020,Robot Kits,BYOR-1000,189,3,567,tniezen6u@symantec.com#mailto:tniezen6u@symantec.com#,Las Vegas
4/3/2020,Robot Kits,BYOR-3000,214,1,214,dleurenpk@google.com#mailto:dleurenpk@google.com#,Dallas
4/3/2020,Training Videos,AI for Educators,49.95,1,49.95,easkella0@eventbrite.com#mailto:easkella0@eventbrite.com#,New Orleans
4/4/2020,Drone Kits,BYOD-350,89.95,3,269.85,bsoalqt@chicagotribune.com#mailto:bsoalqt@chicagotribune.com#,Durham
4/4/2020,eBooks,Delivery Drones,14.99,3,44.97,emcmurdore@ifeng.com#mailto:emcmurdore@ifeng.com#,Topeka
4/4/2020,eBooks,Photograph Drones,14.99,4,59.96,amcentagartde@bloglovin.com#mailto:amcentagartde@bloglovin.com#,San Jose
4/4/2020,Robots,MICR-23K Robot,899,2,1798,sgeater52@mashable.com#mailto:sgeater52@mashable.com#,Kansas City
4/5/2020,Blueprints,All Eyes Drone Blueprint,9.99,4,39.96,cnenolz@mediafire.com#mailto:cnenolz@mediafire.com#,Aurora
4/5/2020,Drone Kits,BYOD-350,89.95,2,179.9,bbartosch86@admin.ch#mailto:bbartosch86@admin.ch#,Duluth
4/5/2020,Drone Kits,BYOD-400,119,2,238,kjonesor@addthis.com#mailto:kjonesor@addthis.com#,New York City
4/5/2020,Robot Kits,BYOR-4005,245,6,1470,wwaisona4@people.com.cn#mailto:wwaisona4@people.com.cn#,Cedar Rapids
4/5/2020,Robots,RLK-9920 Robot,699,3,2097,aglendzafn@istockphoto.com#mailto:aglendzafn@istockphoto.com#,San Diego
4/5/2020,Training Videos,AI for Educators,49.95,2,99.9,rbevirnj@blogspot.com#mailto:rbevirnj@blogspot.com#,Houston
4/5/2020,Training Videos,Understanding 3D Printing,42.99,5,214.95,lyardy2t@psu.edu#mailto:lyardy2t@psu.edu#,Sioux Falls
4/6/2020,Blueprints,Cat Robot Blueprint,4.99,6,29.94,bbarthode@sina.com.cn#mailto:bbarthode@sina.com.cn#,Long Beach
4/6/2020,Blueprints,Sleepy Eye Blueprint,11.99,4,47.96,cklugerlg@sfgate.com#mailto:cklugerlg@sfgate.com#,San Diego
4/6/2020,Drones,DTE-QFN20 Drone,250,2,500,hhaw9q@answers.com#mailto:hhaw9q@answers.com#,Boise
4/6/2020,eBooks,RTF Drones,16.99,3,50.97,lmccuisbj@digg.com#mailto:lmccuisbj@digg.com#,Lawrenceville
4/6/2020,eBooks,Spherical Robots,16.75,4,67,aiveanskk@wired.com#mailto:aiveanskk@wired.com#,Springfield
4/7/2020,Blueprints,Creature Robot Arms Blueprint,12,5,60,cbaylessm3@mayoclinic.com#mailto:cbaylessm3@mayoclinic.com#,Charleston
4/7/2020,Drones,DA-SA702 Drone,399,5,1995,lcridlonkj@sina.com.cn#mailto:lcridlonkj@sina.com.cn#,Springfield
4/7/2020,eBooks,Drone Building Essentials,13.99,3,41.97,mmeneerkx@symantec.com#mailto:mmeneerkx@symantec.com#,Daytona Beach
4/7/2020,eBooks,Single Rotor Drones,14.99,3,44.97,naaronoh@ihg.com#mailto:naaronoh@ihg.com#,Baltimore
4/7/2020,eBooks,Understanding Arduino,17.5,5,87.5,cillwellk2@cdbaby.com#mailto:cillwellk2@cdbaby.com#,Tacoma
4/7/2020,Robot Kits,BYOR-1000,189,5,945,wcreweem@ycombinator.com#mailto:wcreweem@ycombinator.com#,Anchorage
4/7/2020,Training Videos,Understanding Automation,44.95,2,89.9,mbraunstonn3@histats.com#mailto:mbraunstonn3@histats.com#,Brooklyn
4/7/2020,Training Videos,Understanding Drone Regulations,27.5,4,110,kantyukhingx@com.com#mailto:kantyukhingx@com.com#,Fresno
4/8/2020,eBooks,Photograph Drones,14.99,6,89.94,aanfussojg@t-online.de#mailto:aanfussojg@t-online.de#,Cedar Rapids
4/9/2020,Drone Kits,BYOD-350,89.95,3,269.85,smahomet19@thetimes.co.uk#mailto:smahomet19@thetimes.co.uk#,Louisville
4/9/2020,eBooks,Cartesian Robots,12.99,5,64.95,atrenfieldf6@nba.com#mailto:atrenfieldf6@nba.com#,Boston
4/9/2020,eBooks,GPS Drones,19.99,3,59.97,gshandq@un.org#mailto:gshandq@un.org#,Saint Petersburg
4/9/2020,Robots,RWW-75 Robot,883,2,1766,nsexceyar@state.tx.us#mailto:nsexceyar@state.tx.us#,Saginaw
4/9/2020,Training Videos,Industrial 3D Printing,49,5,245,bwhetsonio@amazon.de#mailto:bwhetsonio@amazon.de#,Rochester
4/10/2020,Blueprints,Ladybug Robot Blueprint,12,4,48,kessamehc@github.com#mailto:kessamehc@github.com#,Dallas
4/10/2020,Drone Kits,BYOD-500,167,2,334,eanfonsipu@wunderground.com#mailto:eanfonsipu@wunderground.com#,Orlando
4/10/2020,Drone Kits,BYOD-500,167,3,501,sblunsdenkd@geocities.jp#mailto:sblunsdenkd@geocities.jp#,Fort Wayne
4/10/2020,eBooks,Helicopter Drones,20.95,4,83.8,vilyinskioe@amazonaws.com#mailto:vilyinskioe@amazonaws.com#,Oklahoma City
4/10/2020,Training Videos,AI for Educators,49.95,3,149.85,jjackwaysgw@wiley.com#mailto:jjackwaysgw@wiley.com#,Jamaica
4/11/2020,eBooks,Articulated Robots,23.99,5,119.95,cmayworthi2@time.com#mailto:cmayworthi2@time.com#,Juneau
4/11/2020,eBooks,Delta Robots,16.99,3,50.97,jconibereae@disqus.com#mailto:jconibereae@disqus.com#,Wichita
4/11/2020,eBooks,Delta Robots,16.99,4,67.96,mtarrjp@theglobeandmail.com#mailto:mtarrjp@theglobeandmail.com#,Miami
4/11/2020,Robots,RCB-889 Robot,549,2,1098,jramsbothamly@pagesperso-orange.fr#mailto:jramsbothamly@pagesperso-orange.fr#,Topeka
4/12/2020,eBooks,Building Your First Robot,24.95,2,49.9,mroderickm4@gizmodo.com#mailto:mroderickm4@gizmodo.com#,Saint Louis
4/13/2020,eBooks,Drone Building Essentials,13.99,4,55.96,cseear5f@mashable.com#mailto:cseear5f@mashable.com#,Akron
4/13/2020,Robots,MICR-23K Robot,899,3,2697,imackeoghhh@foxnews.com#mailto:imackeoghhh@foxnews.com#,Washington
4/13/2020,Training Videos,Mapping with Drones,49,5,245,bgraceg3@nih.gov#mailto:bgraceg3@nih.gov#,Grand Junction
4/14/2020,Drone Kits,BYOD-220,69,5,345,kgeneryda@howstuffworks.com#mailto:kgeneryda@howstuffworks.com#,Louisville
4/14/2020,Drone Kits,BYOD-350,89.95,5,449.75,vmoretonpv@google.co.jp#mailto:vmoretonpv@google.co.jp#,Las Vegas
4/14/2020,Drones,MICR-564K Drone,499,4,1996,awalsh6a@mit.edu#mailto:awalsh6a@mit.edu#,Winston Salem
4/14/2020,Robots,RWW-75 Robot,883,4,3532,lhasarddw@instagram.com#mailto:lhasarddw@instagram.com#,Roanoke
4/15/2020,Blueprints,Hexacopter Drone Blueprint,8.99,4,35.96,wboncorenr@so-net.ne.jp#mailto:wboncorenr@so-net.ne.jp#,Wilmington